ID;Nome;Email;Telefone;CPF;Data Nasc
5;Maria Oliveira;maria@email.com;(11) 99999-8888;222.***.***-55;null
6;João Pereira;joao@email.com;(11) 99999-0003;333.***.***-66;null
7;Cypress Test User;test1773953362557@cypress.com;(11) 99999-8877;111.***.***-44;null
8;Cypress Test User;test1773953403319@cypress.com;(11) 99999-8877;111.***.***-44;null
9;Cypress Test User;test1773953491056@cypress.com;(11) 99999-8877;111.***.***-44;null
10;Cypress Test User;test1773955183974@cypress.com;(11) 99999-8877;111.***.***-44;null
11;User Banner Test;test_banner_1773955189856@email.com;(11) 99999-0000;999.***.***-99;null
12;Test Persona Verification;test_persona_1742419228@gmail.com;(11) 98765-4321;123.***.***-90;null
13;Test Persona Two;test_persona_2_1742419521@gmail.com;(11) 98765-4321;123.***.***-90;null
14;Cypress Test User;test1773955821811@cypress.com;(11) 99999-8877;111.***.***-44;null
15;User Banner Test;test_banner_1773955823962@cypress.com;(11) 99999-0000;999.***.***-99;null
16;Cypress Test User;test1773955846159@cypress.com;(11) 99999-8877;111.***.***-44;null
17;User Banner Test;test_banner_1773955848160@cypress.com;(11) 99999-0000;999.***.***-99;null
18;User Banner Test;test_banner_1773955896442@cypress.com;(11) 99999-0000;999.***.***-99;null
19;Cypress Test User;test1773955916329@cypress.com;(11) 99999-8877;111.***.***-44;null
20;User Banner Test;test_banner_1773955918129@cypress.com;(11) 99999-0000;999.***.***-99;null
21;Cypress Test User;test1773956006642@cypress.com;(11) 99999-8877;111.***.***-44;null
22;User Banner Test;test_banner_1773956012826@cypress.com;(11) 99999-0000;999.***.***-99;null
23;Cypress Test User;test1773956028353@cypress.com;(11) 99999-8877;111.***.***-44;null
24;User Banner Test;test_banner_1773956035013@cypress.com;(11) 99999-0000;999.***.***-99;null
25;Cypress Test User;test1773956077734@cypress.com;(11) 99999-8877;111.***.***-44;null
26;Cypress Test User;test1773956142850@cypress.com;(11) 99999-8877;111.***.***-44;null
27;Cypress Test User;test1773956714157@cypress.com;(11) 99999-8877;111.***.***-44;null
28;User Banner Test;test_banner_1773956720173@cypress.com;(11) 99999-0000;999.***.***-99;null
29;Cypress Test User;test1773956750490@cypress.com;(11) 99999-8877;111.***.***-44;null
30;User Banner Test;test_banner_1773956756374@cypress.com;(11) 99999-0000;999.***.***-99;null
31;Cypress Test User;test1773956782566@cypress.com;(11) 99999-8877;111.***.***-44;null
32;User Banner Test;test_banner_1773956788728@cypress.com;(11) 99999-0000;999.***.***-99;null
33;Cypress Test User;test1773956851960@cypress.com;(11) 99999-8877;111.***.***-44;null
34;User Banner Test;test_banner_1773956863772@cypress.com;(11) 99999-0000;999.***.***-99;null
35;Cypress Test User;test1773956908424@cypress.com;(11) 99999-8877;111.***.***-44;null
36;User Banner Test;test_banner_1773956913732@cypress.com;(11) 99999-0000;999.***.***-99;null
37;Cypress Test User;test1773957019949@cypress.com;(11) 99999-8877;111.***.***-44;null
38;Cypress Test User;test1773957026684@cypress.com;(11) 99999-8877;111.***.***-44;null
39;User Banner Test;test_banner_1773957031805@cypress.com;(11) 99999-0000;999.***.***-99;null
4;Lucas Silva;lucas@email.com;(11) 88888-9999;111.***.***-44;null
